date,category,revenue
2024-01-01,Coffee,186.06
2024-01-01,Tea,71.03
2024-01-01,Pastry,97.68
2024-01-01,Sandwich,121.00
2024-01-02,Coffee,205.46
2024-01-02,Tea,62.17
2024-01-02,Pastry,96.76
2024-01-02,Sandwich,114.12
2024-01-03,Coffee,199.59
2024-01-03,Tea,63.72
2024-01-03,Pastry,86.68
2024-01-03,Sandwich,116.57
2024-01-04,Coffee,167.82
2024-01-04,Tea,70.65
2024-01-04,Pastry,109.16
2024-01-04,Sandwich,108.49
2024-01-05,Coffee,186.38
2024-01-05,Tea,68.90
2024-01-05,Pastry,83.21
2024-01-05,Sandwich,109.52
2024-01-06,Coffee,207.87
2024-01-06,Tea,62.70
2024-01-06,Pastry,113.98
2024-01-06,Sandwich,124.04
2024-01-07,Coffee,188.31
2024-01-07,Tea,64.05
2024-01-07,Pastry,116.90
2024-01-07,Sandwich,114.80
2024-01-08,Coffee,176.19
2024-01-08,Tea,79.18
2024-01-08,Pastry,103.35
2024-01-08,Sandwich,108.88
2024-01-09,Coffee,164.23
2024-01-09,Tea,74.87
2024-01-09,Pastry,83.00
2024-01-09,Sandwich,121.52
2024-01-10,Coffee,177.69
2024-01-10,Tea,75.79
2024-01-10,Pastry,94.81
2024-01-10,Sandwich,110.72
2024-01-11,Coffee,164.56
2024-01-11,Tea,69.06
2024-01-11,Pastry,102.05
2024-01-11,Sandwich,117.10
2024-01-12,Coffee,166.27
2024-01-12,Tea,75.74
2024-01-12,Pastry,108.14
2024-01-12,Sandwich,114.48
2024-01-13,Coffee,223.31
2024-01-13,Tea,83.56
2024-01-13,Pastry,138.28
2024-01-13,Sandwich,135.03
2024-01-14,Coffee,185.49
2024-01-14,Tea,81.62
2024-01-14,Pastry,124.09
2024-01-14,Sandwich,128.64
2024-01-15,Coffee,203.50
2024-01-15,Tea,72.02
2024-01-15,Pastry,107.51
2024-01-15,Sandwich,123.64
2024-01-16,Coffee,180.66
2024-01-16,Tea,63.67
2024-01-16,Pastry,84.36
2024-01-16,Sandwich,123.54
2024-01-17,Coffee,167.41
2024-01-17,Tea,73.10
2024-01-17,Pastry,107.86
2024-01-17,Sandwich,98.57
2024-01-18,Coffee,202.51
2024-01-18,Tea,72.11
2024-01-18,Pastry,102.37
2024-01-18,Sandwich,105.49
2024-01-19,Coffee,178.30
2024-01-19,Tea,65.11
2024-01-19,Pastry,96.19
2024-01-19,Sandwich,122.05
2024-01-20,Coffee,236.97
2024-01-20,Tea,66.06
2024-01-20,Pastry,119.56
2024-01-20,Sandwich,132.47
2024-01-21,Coffee,204.51
2024-01-21,Tea,70.73
2024-01-21,Pastry,112.15
2024-01-21,Sandwich,114.31
2024-01-22,Coffee,160.18
2024-01-22,Tea,64.26
2024-01-22,Pastry,90.41
2024-01-22,Sandwich,103.77
2024-01-23,Coffee,161.26
2024-01-23,Tea,81.33
2024-01-23,Pastry,88.74
2024-01-23,Sandwich,116.16
2024-01-24,Coffee,200.91
2024-01-24,Tea,77.38
2024-01-24,Pastry,90.19
2024-01-24,Sandwich,122.78
2024-01-25,Coffee,178.61
2024-01-25,Tea,63.68
2024-01-25,Pastry,102.40
2024-01-25,Sandwich,103.60
2024-01-26,Coffee,170.01
2024-01-26,Tea,77.91
2024-01-26,Pastry,100.01
2024-01-26,Sandwich,100.22
2024-01-27,Coffee,207.02
2024-01-27,Tea,69.02
2024-01-27,Pastry,119.19
2024-01-27,Sandwich,133.24
2024-01-28,Coffee,231.68
2024-01-28,Tea,71.50
2024-01-28,Pastry,107.47
2024-01-28,Sandwich,118.03
2024-01-29,Coffee,175.40
2024-01-29,Tea,65.43
2024-01-29,Pastry,105.11
2024-01-29,Sandwich,122.18
2024-01-30,Coffee,197.38
2024-01-30,Tea,77.10
2024-01-30,Pastry,85.14
2024-01-30,Sandwich,112.19
2024-01-31,Coffee,208.55
2024-01-31,Tea,81.96
2024-01-31,Pastry,98.29
2024-01-31,Sandwich,96.31
2024-02-01,Coffee,203.23
2024-02-01,Tea,82.09
2024-02-01,Pastry,97.03
2024-02-01,Sandwich,127.87
2024-02-02,Coffee,180.91
2024-02-02,Tea,67.79
2024-02-02,Pastry,111.41
2024-02-02,Sandwich,114.96
2024-02-03,Coffee,222.11
2024-02-03,Tea,85.74
2024-02-03,Pastry,113.33
2024-02-03,Sandwich,125.77
2024-02-04,Coffee,222.97
2024-02-04,Tea,78.21
2024-02-04,Pastry,108.52
2024-02-04,Sandwich,119.96
2024-02-05,Coffee,202.85
2024-02-05,Tea,70.12
2024-02-05,Pastry,91.07
2024-02-05,Sandwich,103.62
2024-02-06,Coffee,170.00
2024-02-06,Tea,61.30
2024-02-06,Pastry,96.42
2024-02-06,Sandwich,105.87
2024-02-07,Coffee,204.71
2024-02-07,Tea,65.36
2024-02-07,Pastry,96.22
2024-02-07,Sandwich,110.08
2024-02-08,Coffee,192.21
2024-02-08,Tea,78.03
2024-02-08,Pastry,96.73
2024-02-08,Sandwich,120.72
2024-02-09,Coffee,197.45
2024-02-09,Tea,62.09
2024-02-09,Pastry,89.46
2024-02-09,Sandwich,96.45
2024-02-10,Coffee,236.35
2024-02-10,Tea,84.54
2024-02-10,Pastry,124.57
2024-02-10,Sandwich,143.31
2024-02-11,Coffee,219.20
2024-02-11,Tea,74.81
2024-02-11,Pastry,119.72
2024-02-11,Sandwich,149.83
2024-02-12,Coffee,181.18
2024-02-12,Tea,76.24
2024-02-12,Pastry,101.51
2024-02-12,Sandwich,109.83
2024-02-13,Coffee,161.53
2024-02-13,Tea,65.82
2024-02-13,Pastry,91.22
2024-02-13,Sandwich,99.93
2024-02-14,Coffee,191.44
2024-02-14,Tea,66.60
2024-02-14,Pastry,86.99
2024-02-14,Sandwich,97.26
2024-02-15,Coffee,164.88
2024-02-15,Tea,76.76
2024-02-15,Pastry,93.75
2024-02-15,Sandwich,124.77
2024-02-16,Coffee,184.17
2024-02-16,Tea,69.71
2024-02-16,Pastry,94.16
2024-02-16,Sandwich,100.30
2024-02-17,Coffee,224.09
2024-02-17,Tea,71.50
2024-02-17,Pastry,116.14
2024-02-17,Sandwich,152.80
2024-02-18,Coffee,210.53
2024-02-18,Tea,86.33
2024-02-18,Pastry,118.62
2024-02-18,Sandwich,128.36
2024-02-19,Coffee,184.82
2024-02-19,Tea,70.65
2024-02-19,Pastry,96.17
2024-02-19,Sandwich,119.68
2024-02-20,Coffee,191.24
2024-02-20,Tea,68.69
2024-02-20,Pastry,94.32
2024-02-20,Sandwich,127.48
2024-02-21,Coffee,161.03
2024-02-21,Tea,69.70
2024-02-21,Pastry,95.05
2024-02-21,Sandwich,97.46
2024-02-22,Coffee,197.20
2024-02-22,Tea,78.98
2024-02-22,Pastry,85.17
2024-02-22,Sandwich,102.71
2024-02-23,Coffee,214.15
2024-02-23,Tea,74.31
2024-02-23,Pastry,107.71
2024-02-23,Sandwich,109.62
2024-02-24,Coffee,190.35
2024-02-24,Tea,84.45
2024-02-24,Pastry,112.86
2024-02-24,Sandwich,116.56
2024-02-25,Coffee,241.73
2024-02-25,Tea,76.94
2024-02-25,Pastry,112.07
2024-02-25,Sandwich,126.97
2024-02-26,Coffee,206.90
2024-02-26,Tea,72.09
2024-02-26,Pastry,104.20
2024-02-26,Sandwich,114.33
2024-02-27,Coffee,176.16
2024-02-27,Tea,71.00
2024-02-27,Pastry,110.50
2024-02-27,Sandwich,105.80
2024-02-28,Coffee,198.27
2024-02-28,Tea,68.85
2024-02-28,Pastry,106.50
2024-02-28,Sandwich,129.77
2024-02-29,Coffee,213.64
2024-02-29,Tea,64.31
2024-02-29,Pastry,109.36
2024-02-29,Sandwich,126.70
2024-03-01,Coffee,209.56
2024-03-01,Tea,65.19
2024-03-01,Pastry,113.05
2024-03-01,Sandwich,112.44
2024-03-02,Coffee,216.96
2024-03-02,Tea,68.87
2024-03-02,Pastry,109.82
2024-03-02,Sandwich,127.13
2024-03-03,Coffee,225.79
2024-03-03,Tea,84.97
2024-03-03,Pastry,114.90
2024-03-03,Sandwich,138.96
2024-03-04,Coffee,207.91
2024-03-04,Tea,73.01
2024-03-04,Pastry,108.09
2024-03-04,Sandwich,130.97
2024-03-05,Coffee,215.10
2024-03-05,Tea,77.62
2024-03-05,Pastry,112.73
2024-03-05,Sandwich,126.55
2024-03-06,Coffee,206.80
2024-03-06,Tea,62.49
2024-03-06,Pastry,93.18
2024-03-06,Sandwich,106.71
2024-03-07,Coffee,197.97
2024-03-07,Tea,82.71
2024-03-07,Pastry,88.36
2024-03-07,Sandwich,99.46
2024-03-08,Coffee,207.69
2024-03-08,Tea,73.37
2024-03-08,Pastry,92.52
2024-03-08,Sandwich,109.47
2024-03-09,Coffee,229.59
2024-03-09,Tea,69.16
2024-03-09,Pastry,124.77
2024-03-09,Sandwich,145.86
2024-03-10,Coffee,221.88
2024-03-10,Tea,67.17
2024-03-10,Pastry,141.07
2024-03-10,Sandwich,144.74
2024-03-11,Coffee,164.15
2024-03-11,Tea,68.44
2024-03-11,Pastry,110.70
2024-03-11,Sandwich,105.30
2024-03-12,Coffee,164.98
2024-03-12,Tea,82.79
2024-03-12,Pastry,108.24
2024-03-12,Sandwich,127.16
2024-03-13,Coffee,181.06
2024-03-13,Tea,83.50
2024-03-13,Pastry,99.75
2024-03-13,Sandwich,115.85
2024-03-14,Coffee,167.05
2024-03-14,Tea,68.84
2024-03-14,Pastry,91.69
2024-03-14,Sandwich,114.77
2024-03-15,Coffee,186.08
2024-03-15,Tea,68.08
2024-03-15,Pastry,114.14
2024-03-15,Sandwich,111.65
2024-03-16,Coffee,236.26
2024-03-16,Tea,88.36
2024-03-16,Pastry,130.12
2024-03-16,Sandwich,134.34
2024-03-17,Coffee,244.49
2024-03-17,Tea,81.49
2024-03-17,Pastry,113.53
2024-03-17,Sandwich,158.85
2024-03-18,Coffee,190.71
2024-03-18,Tea,84.49
2024-03-18,Pastry,111.76
2024-03-18,Sandwich,126.21
2024-03-19,Coffee,186.71
2024-03-19,Tea,74.20
2024-03-19,Pastry,112.44
2024-03-19,Sandwich,126.68
2024-03-20,Coffee,175.68
2024-03-20,Tea,66.85
2024-03-20,Pastry,103.15
2024-03-20,Sandwich,108.15
2024-03-21,Coffee,175.24
2024-03-21,Tea,62.94
2024-03-21,Pastry,92.82
2024-03-21,Sandwich,120.63
2024-03-22,Coffee,187.98
2024-03-22,Tea,70.43
2024-03-22,Pastry,90.17
2024-03-22,Sandwich,110.99
2024-03-23,Coffee,249.58
2024-03-23,Tea,71.61
2024-03-23,Pastry,147.42
2024-03-23,Sandwich,125.07
2024-03-24,Coffee,189.99
2024-03-24,Tea,68.02
2024-03-24,Pastry,123.85
2024-03-24,Sandwich,120.28
2024-03-25,Coffee,197.47
2024-03-25,Tea,68.25
2024-03-25,Pastry,85.53
2024-03-25,Sandwich,104.75
2024-03-26,Coffee,164.16
2024-03-26,Tea,85.27
2024-03-26,Pastry,102.26
2024-03-26,Sandwich,119.78
2024-03-27,Coffee,208.72
2024-03-27,Tea,69.80
2024-03-27,Pastry,105.63
2024-03-27,Sandwich,116.07
2024-03-28,Coffee,200.85
2024-03-28,Tea,67.13
2024-03-28,Pastry,100.00
2024-03-28,Sandwich,109.87
2024-03-29,Coffee,176.50
2024-03-29,Tea,69.97
2024-03-29,Pastry,89.81
2024-03-29,Sandwich,107.42
2024-03-30,Coffee,202.04
2024-03-30,Tea,83.43
2024-03-30,Pastry,128.63
2024-03-30,Sandwich,158.36
2024-03-31,Coffee,209.81
2024-03-31,Tea,75.54
2024-03-31,Pastry,116.45
2024-03-31,Sandwich,135.17
2024-04-01,Coffee,165.96
2024-04-01,Tea,68.08
2024-04-01,Pastry,94.02
2024-04-01,Sandwich,107.54
2024-04-02,Coffee,186.35
2024-04-02,Tea,77.83
2024-04-02,Pastry,92.12
2024-04-02,Sandwich,126.26
2024-04-03,Coffee,182.87
2024-04-03,Tea,84.73
2024-04-03,Pastry,108.38
2024-04-03,Sandwich,125.26
2024-04-04,Coffee,216.05
2024-04-04,Tea,69.46
2024-04-04,Pastry,103.15
2024-04-04,Sandwich,105.63
2024-04-05,Coffee,187.42
2024-04-05,Tea,77.98
2024-04-05,Pastry,116.26
2024-04-05,Sandwich,100.88
2024-04-06,Coffee,213.38
2024-04-06,Tea,77.29
2024-04-06,Pastry,117.48
2024-04-06,Sandwich,146.73
2024-04-07,Coffee,240.62
2024-04-07,Tea,77.09
2024-04-07,Pastry,121.36
2024-04-07,Sandwich,154.85
2024-04-08,Coffee,201.55
2024-04-08,Tea,76.26
2024-04-08,Pastry,113.01
2024-04-08,Sandwich,100.67
2024-04-09,Coffee,177.76
2024-04-09,Tea,64.20
2024-04-09,Pastry,116.45
2024-04-09,Sandwich,119.33
2024-04-10,Coffee,217.58
2024-04-10,Tea,84.30
2024-04-10,Pastry,87.18
2024-04-10,Sandwich,100.79
2024-04-11,Coffee,217.00
2024-04-11,Tea,81.71
2024-04-11,Pastry,97.83
2024-04-11,Sandwich,108.53
2024-04-12,Coffee,183.32
2024-04-12,Tea,74.86
2024-04-12,Pastry,100.35
2024-04-12,Sandwich,111.15
2024-04-13,Coffee,228.06
2024-04-13,Tea,78.40
2024-04-13,Pastry,133.89
2024-04-13,Sandwich,142.43
2024-04-14,Coffee,190.91
2024-04-14,Tea,78.33
2024-04-14,Pastry,145.98
2024-04-14,Sandwich,130.12
2024-04-15,Coffee,194.29
2024-04-15,Tea,64.46
2024-04-15,Pastry,113.77
2024-04-15,Sandwich,105.03
2024-04-16,Coffee,216.09
2024-04-16,Tea,78.32
2024-04-16,Pastry,104.37
2024-04-16,Sandwich,124.35
2024-04-17,Coffee,175.22
2024-04-17,Tea,80.72
2024-04-17,Pastry,112.39
2024-04-17,Sandwich,135.06
2024-04-18,Coffee,221.68
2024-04-18,Tea,81.11
2024-04-18,Pastry,108.00
2024-04-18,Sandwich,112.53
2024-04-19,Coffee,188.04
2024-04-19,Tea,79.32
2024-04-19,Pastry,115.59
2024-04-19,Sandwich,123.25
2024-04-20,Coffee,197.87
2024-04-20,Tea,85.42
2024-04-20,Pastry,129.34
2024-04-20,Sandwich,161.50
2024-04-21,Coffee,225.32
2024-04-21,Tea,72.44
2024-04-21,Pastry,120.99
2024-04-21,Sandwich,149.83
2024-04-22,Coffee,171.80
2024-04-22,Tea,70.11
2024-04-22,Pastry,108.05
2024-04-22,Sandwich,135.78
2024-04-23,Coffee,190.97
2024-04-23,Tea,76.20
2024-04-23,Pastry,110.19
2024-04-23,Sandwich,111.27
2024-04-24,Coffee,188.81
2024-04-24,Tea,72.92
2024-04-24,Pastry,94.97
2024-04-24,Sandwich,136.16
2024-04-25,Coffee,207.67
2024-04-25,Tea,72.67
2024-04-25,Pastry,109.77
2024-04-25,Sandwich,118.00
2024-04-26,Coffee,196.91
2024-04-26,Tea,67.34
2024-04-26,Pastry,111.41
2024-04-26,Sandwich,128.64
2024-04-27,Coffee,213.00
2024-04-27,Tea,83.86
2024-04-27,Pastry,130.15
2024-04-27,Sandwich,145.24
2024-04-28,Coffee,216.21
2024-04-28,Tea,87.10
2024-04-28,Pastry,118.29
2024-04-28,Sandwich,163.98
2024-04-29,Coffee,211.11
2024-04-29,Tea,76.15
2024-04-29,Pastry,88.97
2024-04-29,Sandwich,104.11
2024-04-30,Coffee,221.61
2024-04-30,Tea,69.74
2024-04-30,Pastry,91.78
2024-04-30,Sandwich,121.21
2024-05-01,Coffee,211.16
2024-05-01,Tea,87.24
2024-05-01,Pastry,114.97
2024-05-01,Sandwich,114.77
2024-05-02,Coffee,212.71
2024-05-02,Tea,76.61
2024-05-02,Pastry,92.90
2024-05-02,Sandwich,104.96
2024-05-03,Coffee,195.05
2024-05-03,Tea,81.72
2024-05-03,Pastry,107.98
2024-05-03,Sandwich,108.99
2024-05-04,Coffee,253.60
2024-05-04,Tea,79.44
2024-05-04,Pastry,121.94
2024-05-04,Sandwich,146.03
2024-05-05,Coffee,210.76
2024-05-05,Tea,86.89
2024-05-05,Pastry,135.52
2024-05-05,Sandwich,140.97
2024-05-06,Coffee,181.50
2024-05-06,Tea,66.20
2024-05-06,Pastry,115.70
2024-05-06,Sandwich,130.79
2024-05-07,Coffee,206.49
2024-05-07,Tea,77.99
2024-05-07,Pastry,104.94
2024-05-07,Sandwich,134.29
2024-05-08,Coffee,214.61
2024-05-08,Tea,65.96
2024-05-08,Pastry,106.83
2024-05-08,Sandwich,121.53
2024-05-09,Coffee,216.31
2024-05-09,Tea,77.83
2024-05-09,Pastry,110.74
2024-05-09,Sandwich,135.59
2024-05-10,Coffee,212.64
2024-05-10,Tea,86.89
2024-05-10,Pastry,88.34
2024-05-10,Sandwich,133.25
2024-05-11,Coffee,215.33
2024-05-11,Tea,72.40
2024-05-11,Pastry,141.21
2024-05-11,Sandwich,153.41
2024-05-12,Coffee,224.58
2024-05-12,Tea,90.73
2024-05-12,Pastry,149.38
2024-05-12,Sandwich,135.02
2024-05-13,Coffee,188.55
2024-05-13,Tea,71.30
2024-05-13,Pastry,91.36
2024-05-13,Sandwich,121.41
2024-05-14,Coffee,222.50
2024-05-14,Tea,80.52
2024-05-14,Pastry,94.20
2024-05-14,Sandwich,103.33
2024-05-15,Coffee,169.53
2024-05-15,Tea,78.22
2024-05-15,Pastry,104.48
2024-05-15,Sandwich,133.80
2024-05-16,Coffee,222.55
2024-05-16,Tea,81.71
2024-05-16,Pastry,106.99
2024-05-16,Sandwich,122.64
2024-05-17,Coffee,190.05
2024-05-17,Tea,65.24
2024-05-17,Pastry,108.74
2024-05-17,Sandwich,120.62
2024-05-18,Coffee,242.31
2024-05-18,Tea,69.89
2024-05-18,Pastry,128.82
2024-05-18,Sandwich,147.15
2024-05-19,Coffee,241.89
2024-05-19,Tea,81.06
2024-05-19,Pastry,117.97
2024-05-19,Sandwich,128.77
2024-05-20,Coffee,196.83
2024-05-20,Tea,73.58
2024-05-20,Pastry,96.87
2024-05-20,Sandwich,127.11
2024-05-21,Coffee,216.46
2024-05-21,Tea,70.18
2024-05-21,Pastry,102.27
2024-05-21,Sandwich,128.48
2024-05-22,Coffee,218.63
2024-05-22,Tea,85.34
2024-05-22,Pastry,92.84
2024-05-22,Sandwich,121.55
2024-05-23,Coffee,182.96
2024-05-23,Tea,75.18
2024-05-23,Pastry,90.10
2024-05-23,Sandwich,135.70
2024-05-24,Coffee,223.51
2024-05-24,Tea,83.57
2024-05-24,Pastry,118.95
2024-05-24,Sandwich,121.85
2024-05-25,Coffee,229.82
2024-05-25,Tea,80.39
2024-05-25,Pastry,138.28
2024-05-25,Sandwich,134.41
2024-05-26,Coffee,227.61
2024-05-26,Tea,89.61
2024-05-26,Pastry,118.27
2024-05-26,Sandwich,125.58
2024-05-27,Coffee,186.11
2024-05-27,Tea,78.39
2024-05-27,Pastry,99.89
2024-05-27,Sandwich,116.23
2024-05-28,Coffee,204.78
2024-05-28,Tea,87.83
2024-05-28,Pastry,95.09
2024-05-28,Sandwich,124.78
2024-05-29,Coffee,226.60
2024-05-29,Tea,84.88
2024-05-29,Pastry,120.46
2024-05-29,Sandwich,126.39
2024-05-30,Coffee,205.64
2024-05-30,Tea,82.09
2024-05-30,Pastry,89.97
2024-05-30,Sandwich,136.59
2024-05-31,Coffee,201.79
2024-05-31,Tea,77.56
2024-05-31,Pastry,106.63
2024-05-31,Sandwich,139.00
2024-06-01,Coffee,240.70
2024-06-01,Tea,86.88
2024-06-01,Pastry,126.66
2024-06-01,Sandwich,151.63
2024-06-02,Coffee,232.22
2024-06-02,Tea,78.15
2024-06-02,Pastry,140.36
2024-06-02,Sandwich,136.77
2024-06-03,Coffee,222.71
2024-06-03,Tea,67.66
2024-06-03,Pastry,95.55
2024-06-03,Sandwich,136.11
2024-06-04,Coffee,182.05
2024-06-04,Tea,84.74
2024-06-04,Pastry,101.35
2024-06-04,Sandwich,113.04
2024-06-05,Coffee,184.42
2024-06-05,Tea,78.46
2024-06-05,Pastry,121.03
2024-06-05,Sandwich,108.26
2024-06-06,Coffee,211.19
2024-06-06,Tea,80.64
2024-06-06,Pastry,102.89
2024-06-06,Sandwich,107.68
2024-06-07,Coffee,193.29
2024-06-07,Tea,88.35
2024-06-07,Pastry,91.27
2024-06-07,Sandwich,117.03
2024-06-08,Coffee,260.35
2024-06-08,Tea,70.90
2024-06-08,Pastry,148.43
2024-06-08,Sandwich,155.88
2024-06-09,Coffee,227.56
2024-06-09,Tea,69.79
2024-06-09,Pastry,142.31
2024-06-09,Sandwich,138.82
2024-06-10,Coffee,225.14
2024-06-10,Tea,84.28
2024-06-10,Pastry,110.35
2024-06-10,Sandwich,116.85
2024-06-11,Coffee,207.92
2024-06-11,Tea,78.77
2024-06-11,Pastry,102.04
2024-06-11,Sandwich,119.22
2024-06-12,Coffee,204.42
2024-06-12,Tea,76.14
2024-06-12,Pastry,101.48
2024-06-12,Sandwich,130.11
2024-06-13,Coffee,170.63
2024-06-13,Tea,81.63
2024-06-13,Pastry,103.07
2024-06-13,Sandwich,107.83
2024-06-14,Coffee,187.32
2024-06-14,Tea,71.53
2024-06-14,Pastry,118.06
2024-06-14,Sandwich,124.19
2024-06-15,Coffee,227.90
2024-06-15,Tea,91.42
2024-06-15,Pastry,141.07
2024-06-15,Sandwich,151.91
2024-06-16,Coffee,221.56
2024-06-16,Tea,76.02
2024-06-16,Pastry,122.31
2024-06-16,Sandwich,147.73
2024-06-17,Coffee,196.02
2024-06-17,Tea,76.62
2024-06-17,Pastry,98.70
2024-06-17,Sandwich,126.44
2024-06-18,Coffee,191.64
2024-06-18,Tea,77.67
2024-06-18,Pastry,107.30
2024-06-18,Sandwich,119.93
2024-06-19,Coffee,187.71
2024-06-19,Tea,82.90
2024-06-19,Pastry,91.77
2024-06-19,Sandwich,116.78
2024-06-20,Coffee,185.24
2024-06-20,Tea,71.74
2024-06-20,Pastry,94.34
2024-06-20,Sandwich,108.19
2024-06-21,Coffee,183.62
2024-06-21,Tea,69.60
2024-06-21,Pastry,109.02
2024-06-21,Sandwich,138.14
2024-06-22,Coffee,258.20
2024-06-22,Tea,87.21
2024-06-22,Pastry,141.75
2024-06-22,Sandwich,128.47
2024-06-23,Coffee,243.44
2024-06-23,Tea,93.75
2024-06-23,Pastry,154.96
2024-06-23,Sandwich,127.68
2024-06-24,Coffee,197.41
2024-06-24,Tea,67.56
2024-06-24,Pastry,109.26
2024-06-24,Sandwich,130.62
2024-06-25,Coffee,206.33
2024-06-25,Tea,76.32
2024-06-25,Pastry,90.95
2024-06-25,Sandwich,131.36
2024-06-26,Coffee,198.54
2024-06-26,Tea,84.31
2024-06-26,Pastry,98.57
2024-06-26,Sandwich,107.56
2024-06-27,Coffee,180.22
2024-06-27,Tea,67.25
2024-06-27,Pastry,92.89
2024-06-27,Sandwich,136.01
2024-06-28,Coffee,190.19
2024-06-28,Tea,84.71
2024-06-28,Pastry,112.59
2024-06-28,Sandwich,115.55
2024-06-29,Coffee,237.95
2024-06-29,Tea,79.15
2024-06-29,Pastry,125.47
2024-06-29,Sandwich,154.64
2024-06-30,Coffee,268.07
2024-06-30,Tea,84.92
2024-06-30,Pastry,123.20
2024-06-30,Sandwich,144.55
2024-07-01,Coffee,212.72
2024-07-01,Tea,76.54
2024-07-01,Pastry,99.06
2024-07-01,Sandwich,132.38
2024-07-02,Coffee,217.68
2024-07-02,Tea,86.95
2024-07-02,Pastry,107.47
2024-07-02,Sandwich,127.36
2024-07-03,Coffee,225.50
2024-07-03,Tea,83.47
2024-07-03,Pastry,97.03
2024-07-03,Sandwich,132.53
2024-07-04,Coffee,202.32
2024-07-04,Tea,68.92
2024-07-04,Pastry,94.39
2024-07-04,Sandwich,109.70
2024-07-05,Coffee,173.40
2024-07-05,Tea,83.05
2024-07-05,Pastry,100.67
2024-07-05,Sandwich,126.15
2024-07-06,Coffee,215.77
2024-07-06,Tea,75.41
2024-07-06,Pastry,137.59
2024-07-06,Sandwich,130.40
2024-07-07,Coffee,230.44
2024-07-07,Tea,77.82
2024-07-07,Pastry,160.46
2024-07-07,Sandwich,136.13
2024-07-08,Coffee,233.73
2024-07-08,Tea,72.81
2024-07-08,Pastry,111.10
2024-07-08,Sandwich,128.27
2024-07-09,Coffee,181.98
2024-07-09,Tea,90.59
2024-07-09,Pastry,102.51
2024-07-09,Sandwich,116.30
2024-07-10,Coffee,210.92
2024-07-10,Tea,75.28
2024-07-10,Pastry,116.95
2024-07-10,Sandwich,117.01
2024-07-11,Coffee,204.10
2024-07-11,Tea,68.05
2024-07-11,Pastry,108.55
2024-07-11,Sandwich,132.65
2024-07-12,Coffee,193.77
2024-07-12,Tea,91.25
2024-07-12,Pastry,106.87
2024-07-12,Sandwich,107.46
2024-07-13,Coffee,261.90
2024-07-13,Tea,73.33
2024-07-13,Pastry,156.33
2024-07-13,Sandwich,134.78
2024-07-14,Coffee,223.92
2024-07-14,Tea,93.73
2024-07-14,Pastry,148.20
2024-07-14,Sandwich,172.39
2024-07-15,Coffee,193.60
2024-07-15,Tea,75.47
2024-07-15,Pastry,95.60
2024-07-15,Sandwich,121.40
2024-07-16,Coffee,221.79
2024-07-16,Tea,72.59
2024-07-16,Pastry,96.08
2024-07-16,Sandwich,140.69
2024-07-17,Coffee,188.06
2024-07-17,Tea,84.42
2024-07-17,Pastry,120.68
2024-07-17,Sandwich,109.00
2024-07-18,Coffee,194.43
2024-07-18,Tea,79.65
2024-07-18,Pastry,108.14
2024-07-18,Sandwich,126.81
2024-07-19,Coffee,208.70
2024-07-19,Tea,77.99
2024-07-19,Pastry,92.64
2024-07-19,Sandwich,117.44
2024-07-20,Coffee,249.36
2024-07-20,Tea,74.94
2024-07-20,Pastry,140.53
2024-07-20,Sandwich,152.45
2024-07-21,Coffee,246.40
2024-07-21,Tea,94.29
2024-07-21,Pastry,160.59
2024-07-21,Sandwich,150.22
2024-07-22,Coffee,182.02
2024-07-22,Tea,88.22
2024-07-22,Pastry,113.31
2024-07-22,Sandwich,115.67
2024-07-23,Coffee,205.42
2024-07-23,Tea,81.27
2024-07-23,Pastry,111.28
2024-07-23,Sandwich,143.29
2024-07-24,Coffee,196.32
2024-07-24,Tea,85.41
2024-07-24,Pastry,114.28
2024-07-24,Sandwich,121.75
2024-07-25,Coffee,232.40
2024-07-25,Tea,90.74
2024-07-25,Pastry,112.02
2024-07-25,Sandwich,123.68
2024-07-26,Coffee,236.87
2024-07-26,Tea,90.65
2024-07-26,Pastry,116.89
2024-07-26,Sandwich,122.33
2024-07-27,Coffee,268.39
2024-07-27,Tea,79.40
2024-07-27,Pastry,126.35
2024-07-27,Sandwich,139.45
2024-07-28,Coffee,263.25
2024-07-28,Tea,87.35
2024-07-28,Pastry,149.73
2024-07-28,Sandwich,133.66
2024-07-29,Coffee,203.44
2024-07-29,Tea,69.17
2024-07-29,Pastry,122.51
2024-07-29,Sandwich,127.11
2024-07-30,Coffee,220.33
2024-07-30,Tea,77.85
2024-07-30,Pastry,94.31
2024-07-30,Sandwich,136.58
2024-07-31,Coffee,214.25
2024-07-31,Tea,81.01
2024-07-31,Pastry,118.87
2024-07-31,Sandwich,117.83
2024-08-01,Coffee,193.65
2024-08-01,Tea,91.25
2024-08-01,Pastry,104.99
2024-08-01,Sandwich,112.95
2024-08-02,Coffee,209.66
2024-08-02,Tea,75.40
2024-08-02,Pastry,106.98
2024-08-02,Sandwich,120.71
2024-08-03,Coffee,268.57
2024-08-03,Tea,83.64
2024-08-03,Pastry,163.13
2024-08-03,Sandwich,164.94
2024-08-04,Coffee,234.31
2024-08-04,Tea,80.44
2024-08-04,Pastry,135.09
2024-08-04,Sandwich,161.19
2024-08-05,Coffee,178.22
2024-08-05,Tea,79.06
2024-08-05,Pastry,113.65
2024-08-05,Sandwich,114.49
2024-08-06,Coffee,194.87
2024-08-06,Tea,81.41
2024-08-06,Pastry,93.20
2024-08-06,Sandwich,133.28
2024-08-07,Coffee,212.18
2024-08-07,Tea,76.37
2024-08-07,Pastry,97.84
2024-08-07,Sandwich,128.75
2024-08-08,Coffee,188.11
2024-08-08,Tea,82.45
2024-08-08,Pastry,115.38
2024-08-08,Sandwich,108.22
2024-08-09,Coffee,200.10
2024-08-09,Tea,85.44
2024-08-09,Pastry,116.51
2024-08-09,Sandwich,117.23
2024-08-10,Coffee,259.36
2024-08-10,Tea,84.67
2024-08-10,Pastry,161.39
2024-08-10,Sandwich,145.93
2024-08-11,Coffee,215.85
2024-08-11,Tea,79.79
2024-08-11,Pastry,163.72
2024-08-11,Sandwich,169.53
2024-08-12,Coffee,195.41
2024-08-12,Tea,71.91
2024-08-12,Pastry,112.28
2024-08-12,Sandwich,145.87
2024-08-13,Coffee,210.09
2024-08-13,Tea,89.44
2024-08-13,Pastry,95.37
2024-08-13,Sandwich,127.21
2024-08-14,Coffee,229.15
2024-08-14,Tea,71.83
2024-08-14,Pastry,107.65
2024-08-14,Sandwich,115.73
2024-08-15,Coffee,212.43
2024-08-15,Tea,75.71
2024-08-15,Pastry,111.01
2024-08-15,Sandwich,111.56
2024-08-16,Coffee,229.40
2024-08-16,Tea,92.55
2024-08-16,Pastry,98.14
2024-08-16,Sandwich,138.36
2024-08-17,Coffee,248.22
2024-08-17,Tea,93.92
2024-08-17,Pastry,134.94
2024-08-17,Sandwich,165.25
2024-08-18,Coffee,275.88
2024-08-18,Tea,82.08
2024-08-18,Pastry,159.20
2024-08-18,Sandwich,155.94
2024-08-19,Coffee,228.43
2024-08-19,Tea,88.10
2024-08-19,Pastry,110.86
2024-08-19,Sandwich,123.65
2024-08-20,Coffee,230.39
2024-08-20,Tea,86.06
2024-08-20,Pastry,103.59
2024-08-20,Sandwich,110.09
2024-08-21,Coffee,223.06
2024-08-21,Tea,91.95
2024-08-21,Pastry,104.01
2024-08-21,Sandwich,115.34
2024-08-22,Coffee,203.27
2024-08-22,Tea,87.52
2024-08-22,Pastry,117.76
2024-08-22,Sandwich,137.06
2024-08-23,Coffee,221.47
2024-08-23,Tea,83.03
2024-08-23,Pastry,119.96
2024-08-23,Sandwich,146.41
2024-08-24,Coffee,210.52
2024-08-24,Tea,76.71
2024-08-24,Pastry,158.95
2024-08-24,Sandwich,168.58
2024-08-25,Coffee,222.58
2024-08-25,Tea,87.00
2024-08-25,Pastry,129.38
2024-08-25,Sandwich,167.10
2024-08-26,Coffee,229.67
2024-08-26,Tea,71.49
2024-08-26,Pastry,97.69
2024-08-26,Sandwich,135.43
2024-08-27,Coffee,219.63
2024-08-27,Tea,72.01
2024-08-27,Pastry,110.29
2024-08-27,Sandwich,114.27
2024-08-28,Coffee,213.17
2024-08-28,Tea,85.04
2024-08-28,Pastry,122.45
2024-08-28,Sandwich,141.52
2024-08-29,Coffee,182.62
2024-08-29,Tea,70.87
2024-08-29,Pastry,116.37
2024-08-29,Sandwich,118.25
2024-08-30,Coffee,187.65
2024-08-30,Tea,73.36
2024-08-30,Pastry,122.33
2024-08-30,Sandwich,136.99
2024-08-31,Coffee,212.75
2024-08-31,Tea,84.33
2024-08-31,Pastry,158.96
2024-08-31,Sandwich,177.04
2024-09-01,Coffee,255.09
2024-09-01,Tea,94.22
2024-09-01,Pastry,165.79
2024-09-01,Sandwich,170.65
2024-09-02,Coffee,229.87
2024-09-02,Tea,81.03
2024-09-02,Pastry,97.54
2024-09-02,Sandwich,142.97
2024-09-03,Coffee,225.85
2024-09-03,Tea,85.30
2024-09-03,Pastry,96.84
2024-09-03,Sandwich,121.56
2024-09-04,Coffee,207.34
2024-09-04,Tea,75.58
2024-09-04,Pastry,94.77
2024-09-04,Sandwich,145.69
2024-09-05,Coffee,239.21
2024-09-05,Tea,80.55
2024-09-05,Pastry,103.51
2024-09-05,Sandwich,116.00
2024-09-06,Coffee,181.30
2024-09-06,Tea,81.05
2024-09-06,Pastry,98.11
2024-09-06,Sandwich,137.94
2024-09-07,Coffee,231.02
2024-09-07,Tea,79.81
2024-09-07,Pastry,129.98
2024-09-07,Sandwich,160.71
2024-09-08,Coffee,279.41
2024-09-08,Tea,99.36
2024-09-08,Pastry,154.37
2024-09-08,Sandwich,158.05
2024-09-09,Coffee,200.69
2024-09-09,Tea,83.23
2024-09-09,Pastry,116.88
2024-09-09,Sandwich,124.75
2024-09-10,Coffee,209.62
2024-09-10,Tea,93.95
2024-09-10,Pastry,108.53
2024-09-10,Sandwich,112.11
2024-09-11,Coffee,213.25
2024-09-11,Tea,76.60
2024-09-11,Pastry,103.17
2024-09-11,Sandwich,145.19
2024-09-12,Coffee,194.18
2024-09-12,Tea,83.94
2024-09-12,Pastry,110.81
2024-09-12,Sandwich,130.46
2024-09-13,Coffee,185.98
2024-09-13,Tea,81.65
2024-09-13,Pastry,116.18
2024-09-13,Sandwich,130.34
2024-09-14,Coffee,266.11
2024-09-14,Tea,78.03
2024-09-14,Pastry,158.83
2024-09-14,Sandwich,175.02
2024-09-15,Coffee,238.13
2024-09-15,Tea,78.48
2024-09-15,Pastry,132.51
2024-09-15,Sandwich,163.22
2024-09-16,Coffee,195.64
2024-09-16,Tea,86.30
2024-09-16,Pastry,108.80
2024-09-16,Sandwich,134.32
2024-09-17,Coffee,196.75
2024-09-17,Tea,81.11
2024-09-17,Pastry,116.88
2024-09-17,Sandwich,134.45
2024-09-18,Coffee,216.12
2024-09-18,Tea,89.41
2024-09-18,Pastry,127.72
2024-09-18,Sandwich,146.01
2024-09-19,Coffee,214.56
2024-09-19,Tea,76.57
2024-09-19,Pastry,97.24
2024-09-19,Sandwich,111.32
2024-09-20,Coffee,235.69
2024-09-20,Tea,73.03
2024-09-20,Pastry,128.51
2024-09-20,Sandwich,116.89
2024-09-21,Coffee,245.06
2024-09-21,Tea,81.52
2024-09-21,Pastry,162.79
2024-09-21,Sandwich,142.30
2024-09-22,Coffee,231.24
2024-09-22,Tea,80.14
2024-09-22,Pastry,133.87
2024-09-22,Sandwich,155.69
2024-09-23,Coffee,236.25
2024-09-23,Tea,77.29
2024-09-23,Pastry,104.24
2024-09-23,Sandwich,135.46
2024-09-24,Coffee,243.08
2024-09-24,Tea,88.83
2024-09-24,Pastry,105.71
2024-09-24,Sandwich,140.30
2024-09-25,Coffee,217.87
2024-09-25,Tea,76.04
2024-09-25,Pastry,120.12
2024-09-25,Sandwich,123.31
2024-09-26,Coffee,241.77
2024-09-26,Tea,78.43
2024-09-26,Pastry,121.04
2024-09-26,Sandwich,120.19
2024-09-27,Coffee,196.94
2024-09-27,Tea,87.96
2024-09-27,Pastry,103.39
2024-09-27,Sandwich,124.89
2024-09-28,Coffee,215.79
2024-09-28,Tea,88.01
2024-09-28,Pastry,153.33
2024-09-28,Sandwich,168.41
2024-09-29,Coffee,243.80
2024-09-29,Tea,78.28
2024-09-29,Pastry,151.35
2024-09-29,Sandwich,177.21
2024-09-30,Coffee,240.02
2024-09-30,Tea,83.99
2024-09-30,Pastry,100.68
2024-09-30,Sandwich,133.94
2024-10-01,Coffee,204.04
2024-10-01,Tea,73.76
2024-10-01,Pastry,119.74
2024-10-01,Sandwich,145.59
2024-10-02,Coffee,220.27
2024-10-02,Tea,89.66
2024-10-02,Pastry,120.87
2024-10-02,Sandwich,114.18
2024-10-03,Coffee,205.55
2024-10-03,Tea,71.08
2024-10-03,Pastry,103.97
2024-10-03,Sandwich,121.26
2024-10-04,Coffee,225.37
2024-10-04,Tea,92.89
2024-10-04,Pastry,107.73
2024-10-04,Sandwich,150.24
2024-10-05,Coffee,224.26
2024-10-05,Tea,91.97
2024-10-05,Pastry,133.56
2024-10-05,Sandwich,141.59
2024-10-06,Coffee,235.52
2024-10-06,Tea,100.70
2024-10-06,Pastry,144.99
2024-10-06,Sandwich,167.40
2024-10-07,Coffee,234.11
2024-10-07,Tea,84.06
2024-10-07,Pastry,109.52
2024-10-07,Sandwich,141.36
2024-10-08,Coffee,222.59
2024-10-08,Tea,78.31
2024-10-08,Pastry,102.49
2024-10-08,Sandwich,145.37
2024-10-09,Coffee,193.10
2024-10-09,Tea,80.70
2024-10-09,Pastry,108.24
2024-10-09,Sandwich,125.99
2024-10-10,Coffee,228.05
2024-10-10,Tea,81.28
2024-10-10,Pastry,123.62
2024-10-10,Sandwich,140.83
2024-10-11,Coffee,223.41
2024-10-11,Tea,76.22
2024-10-11,Pastry,100.90
2024-10-11,Sandwich,124.43
2024-10-12,Coffee,246.16
2024-10-12,Tea,85.63
2024-10-12,Pastry,160.98
2024-10-12,Sandwich,166.53
2024-10-13,Coffee,234.36
2024-10-13,Tea,88.50
2024-10-13,Pastry,162.70
2024-10-13,Sandwich,150.74
2024-10-14,Coffee,217.61
2024-10-14,Tea,77.50
2024-10-14,Pastry,121.16
2024-10-14,Sandwich,112.78
2024-10-15,Coffee,187.38
2024-10-15,Tea,92.40
2024-10-15,Pastry,107.10
2024-10-15,Sandwich,127.70
2024-10-16,Coffee,232.32
2024-10-16,Tea,73.56
2024-10-16,Pastry,105.69
2024-10-16,Sandwich,147.97
2024-10-17,Coffee,247.75
2024-10-17,Tea,94.74
2024-10-17,Pastry,104.93
2024-10-17,Sandwich,112.95
2024-10-18,Coffee,194.02
2024-10-18,Tea,95.66
2024-10-18,Pastry,125.29
2024-10-18,Sandwich,142.43
2024-10-19,Coffee,272.34
2024-10-19,Tea,93.07
2024-10-19,Pastry,159.86
2024-10-19,Sandwich,147.15
2024-10-20,Coffee,275.91
2024-10-20,Tea,85.93
2024-10-20,Pastry,163.56
2024-10-20,Sandwich,160.68
2024-10-21,Coffee,195.01
2024-10-21,Tea,90.17
2024-10-21,Pastry,125.90
2024-10-21,Sandwich,145.31
2024-10-22,Coffee,194.53
2024-10-22,Tea,74.69
2024-10-22,Pastry,109.84
2024-10-22,Sandwich,123.26
2024-10-23,Coffee,238.64
2024-10-23,Tea,96.71
2024-10-23,Pastry,125.35
2024-10-23,Sandwich,125.03
2024-10-24,Coffee,222.95
2024-10-24,Tea,82.34
2024-10-24,Pastry,128.10
2024-10-24,Sandwich,119.06
2024-10-25,Coffee,235.43
2024-10-25,Tea,88.94
2024-10-25,Pastry,102.62
2024-10-25,Sandwich,138.49
2024-10-26,Coffee,279.44
2024-10-26,Tea,98.98
2024-10-26,Pastry,171.31
2024-10-26,Sandwich,158.74
2024-10-27,Coffee,285.16
2024-10-27,Tea,78.45
2024-10-27,Pastry,144.69
2024-10-27,Sandwich,183.40
2024-10-28,Coffee,230.88
2024-10-28,Tea,90.05
2024-10-28,Pastry,126.77
2024-10-28,Sandwich,139.76
2024-10-29,Coffee,202.34
2024-10-29,Tea,72.14
2024-10-29,Pastry,111.96
2024-10-29,Sandwich,145.94
2024-10-30,Coffee,197.73
2024-10-30,Tea,97.34
2024-10-30,Pastry,101.91
2024-10-30,Sandwich,146.83
2024-10-31,Coffee,242.83
2024-10-31,Tea,79.97
2024-10-31,Pastry,100.22
2024-10-31,Sandwich,137.61
2024-11-01,Coffee,190.71
2024-11-01,Tea,95.44
2024-11-01,Pastry,105.26
2024-11-01,Sandwich,120.15
2024-11-02,Coffee,261.80
2024-11-02,Tea,101.28
2024-11-02,Pastry,143.29
2024-11-02,Sandwich,155.76
2024-11-03,Coffee,260.90
2024-11-03,Tea,95.48
2024-11-03,Pastry,159.11
2024-11-03,Sandwich,151.73
2024-11-04,Coffee,189.41
2024-11-04,Tea,80.27
2024-11-04,Pastry,104.75
2024-11-04,Sandwich,133.03
2024-11-05,Coffee,249.77
2024-11-05,Tea,72.57
2024-11-05,Pastry,120.61
2024-11-05,Sandwich,140.20
2024-11-06,Coffee,207.21
2024-11-06,Tea,89.66
2024-11-06,Pastry,131.69
2024-11-06,Sandwich,122.50
2024-11-07,Coffee,212.15
2024-11-07,Tea,79.46
2024-11-07,Pastry,103.71
2024-11-07,Sandwich,119.23
2024-11-08,Coffee,221.52
2024-11-08,Tea,74.65
2024-11-08,Pastry,111.11
2024-11-08,Sandwich,118.60
2024-11-09,Coffee,224.97
2024-11-09,Tea,88.81
2024-11-09,Pastry,165.16
2024-11-09,Sandwich,160.67
2024-11-10,Coffee,283.20
2024-11-10,Tea,101.27
2024-11-10,Pastry,151.38
2024-11-10,Sandwich,157.92
2024-11-11,Coffee,205.21
2024-11-11,Tea,95.92
2024-11-11,Pastry,109.73
2024-11-11,Sandwich,125.87
2024-11-12,Coffee,236.49
2024-11-12,Tea,85.50
2024-11-12,Pastry,101.13
2024-11-12,Sandwich,136.22
2024-11-13,Coffee,231.79
2024-11-13,Tea,79.32
2024-11-13,Pastry,130.42
2024-11-13,Sandwich,126.74
2024-11-14,Coffee,210.60
2024-11-14,Tea,75.49
2024-11-14,Pastry,120.21
2024-11-14,Sandwich,140.48
2024-11-15,Coffee,234.09
2024-11-15,Tea,92.99
2024-11-15,Pastry,113.84
2024-11-15,Sandwich,126.12
2024-11-16,Coffee,271.29
2024-11-16,Tea,93.40
2024-11-16,Pastry,148.67
2024-11-16,Sandwich,147.95
2024-11-17,Coffee,265.82
2024-11-17,Tea,99.08
2024-11-17,Pastry,168.94
2024-11-17,Sandwich,168.50
2024-11-18,Coffee,211.48
2024-11-18,Tea,90.92
2024-11-18,Pastry,104.18
2024-11-18,Sandwich,119.91
2024-11-19,Coffee,205.32
2024-11-19,Tea,94.68
2024-11-19,Pastry,103.72
2024-11-19,Sandwich,117.92
2024-11-20,Coffee,222.05
2024-11-20,Tea,77.37
2024-11-20,Pastry,100.33
2024-11-20,Sandwich,119.12
2024-11-21,Coffee,227.90
2024-11-21,Tea,84.83
2024-11-21,Pastry,108.72
2024-11-21,Sandwich,137.84
2024-11-22,Coffee,195.76
2024-11-22,Tea,89.44
2024-11-22,Pastry,124.19
2024-11-22,Sandwich,147.10
2024-11-23,Coffee,262.55
2024-11-23,Tea,90.11
2024-11-23,Pastry,137.33
2024-11-23,Sandwich,146.74
2024-11-24,Coffee,219.43
2024-11-24,Tea,103.43
2024-11-24,Pastry,153.27
2024-11-24,Sandwich,142.87
2024-11-25,Coffee,218.48
2024-11-25,Tea,92.75
2024-11-25,Pastry,123.85
2024-11-25,Sandwich,139.53
2024-11-26,Coffee,219.61
2024-11-26,Tea,89.43
2024-11-26,Pastry,116.68
2024-11-26,Sandwich,119.56
2024-11-27,Coffee,249.18
2024-11-27,Tea,89.47
2024-11-27,Pastry,113.79
2024-11-27,Sandwich,128.55
2024-11-28,Coffee,191.70
2024-11-28,Tea,97.46
2024-11-28,Pastry,124.13
2024-11-28,Sandwich,134.64
2024-11-29,Coffee,231.05
2024-11-29,Tea,86.80
2024-11-29,Pastry,110.94
2024-11-29,Sandwich,140.38
2024-11-30,Coffee,283.00
2024-11-30,Tea,96.83
2024-11-30,Pastry,134.59
2024-11-30,Sandwich,158.81
2024-12-01,Coffee,263.38
2024-12-01,Tea,82.60
2024-12-01,Pastry,131.79
2024-12-01,Sandwich,185.93
2024-12-02,Coffee,210.33
2024-12-02,Tea,82.24
2024-12-02,Pastry,106.95
2024-12-02,Sandwich,155.11
2024-12-03,Coffee,227.07
2024-12-03,Tea,81.88
2024-12-03,Pastry,126.99
2024-12-03,Sandwich,136.76
2024-12-04,Coffee,215.25
2024-12-04,Tea,79.69
2024-12-04,Pastry,129.05
2024-12-04,Sandwich,121.84
2024-12-05,Coffee,197.97
2024-12-05,Tea,88.36
2024-12-05,Pastry,121.23
2024-12-05,Sandwich,120.62
2024-12-06,Coffee,190.90
2024-12-06,Tea,89.82
2024-12-06,Pastry,129.27
2024-12-06,Sandwich,130.41
2024-12-07,Coffee,250.62
2024-12-07,Tea,93.58
2024-12-07,Pastry,163.56
2024-12-07,Sandwich,161.89
2024-12-08,Coffee,253.59
2024-12-08,Tea,85.42
2024-12-08,Pastry,131.41
2024-12-08,Sandwich,184.59
2024-12-09,Coffee,235.51
2024-12-09,Tea,86.19
2024-12-09,Pastry,111.31
2024-12-09,Sandwich,133.77
2024-12-10,Coffee,225.35
2024-12-10,Tea,81.07
2024-12-10,Pastry,123.19
2024-12-10,Sandwich,132.37
2024-12-11,Coffee,248.70
2024-12-11,Tea,78.06
2024-12-11,Pastry,109.51
2024-12-11,Sandwich,129.13
2024-12-12,Coffee,245.74
2024-12-12,Tea,83.85
2024-12-12,Pastry,105.99
2024-12-12,Sandwich,120.03
2024-12-13,Coffee,194.10
2024-12-13,Tea,81.89
2024-12-13,Pastry,104.81
2024-12-13,Sandwich,143.11
2024-12-14,Coffee,262.65
2024-12-14,Tea,89.28
2024-12-14,Pastry,169.05
2024-12-14,Sandwich,146.16
2024-12-15,Coffee,236.84
2024-12-15,Tea,100.10
2024-12-15,Pastry,132.06
2024-12-15,Sandwich,182.42
2024-12-16,Coffee,215.57
2024-12-16,Tea,89.18
2024-12-16,Pastry,130.66
2024-12-16,Sandwich,116.79
2024-12-17,Coffee,203.94
2024-12-17,Tea,86.18
2024-12-17,Pastry,133.19
2024-12-17,Sandwich,129.03
2024-12-18,Coffee,240.39
2024-12-18,Tea,75.94
2024-12-18,Pastry,134.57
2024-12-18,Sandwich,150.89
2024-12-19,Coffee,225.08
2024-12-19,Tea,74.79
2024-12-19,Pastry,107.52
2024-12-19,Sandwich,156.76
2024-12-20,Coffee,223.32
2024-12-20,Tea,88.71
2024-12-20,Pastry,113.93
2024-12-20,Sandwich,132.14
2024-12-21,Coffee,271.53
2024-12-21,Tea,80.20
2024-12-21,Pastry,147.38
2024-12-21,Sandwich,158.99
2024-12-22,Coffee,233.00
2024-12-22,Tea,95.55
2024-12-22,Pastry,156.87
2024-12-22,Sandwich,162.36
2024-12-23,Coffee,191.68
2024-12-23,Tea,95.91
2024-12-23,Pastry,109.52
2024-12-23,Sandwich,154.25
2024-12-24,Coffee,206.31
2024-12-24,Tea,97.29
2024-12-24,Pastry,115.79
2024-12-24,Sandwich,128.39
2024-12-25,Coffee,226.58
2024-12-25,Tea,98.50
2024-12-25,Pastry,111.58
2024-12-25,Sandwich,132.85
2024-12-26,Coffee,202.17
2024-12-26,Tea,89.31
2024-12-26,Pastry,130.02
2024-12-26,Sandwich,151.73
2024-12-27,Coffee,196.06
2024-12-27,Tea,100.60
2024-12-27,Pastry,110.17
2024-12-27,Sandwich,153.27
2024-12-28,Coffee,289.82
2024-12-28,Tea,97.82
2024-12-28,Pastry,177.49
2024-12-28,Sandwich,152.69
2024-12-29,Coffee,241.16
2024-12-29,Tea,104.09
2024-12-29,Pastry,166.34
2024-12-29,Sandwich,163.35
2024-12-30,Coffee,243.67
2024-12-30,Tea,95.24
2024-12-30,Pastry,135.87
2024-12-30,Sandwich,156.96
2024-12-31,Coffee,200.11
2024-12-31,Tea,78.33
2024-12-31,Pastry,125.03
2024-12-31,Sandwich,148.45
2025-01-01,Coffee,201.90
2025-01-01,Tea,82.71
2025-01-01,Pastry,123.17
2025-01-01,Sandwich,139.78
2025-01-02,Coffee,240.09
2025-01-02,Tea,88.49
2025-01-02,Pastry,119.28
2025-01-02,Sandwich,129.59
2025-01-03,Coffee,200.41
2025-01-03,Tea,98.65
2025-01-03,Pastry,130.53
2025-01-03,Sandwich,142.24
2025-01-04,Coffee,265.66
2025-01-04,Tea,94.34
2025-01-04,Pastry,134.55
2025-01-04,Sandwich,145.92
2025-01-05,Coffee,286.08
2025-01-05,Tea,94.23
2025-01-05,Pastry,165.20
2025-01-05,Sandwich,158.32
2025-01-06,Coffee,246.14
2025-01-06,Tea,93.37
2025-01-06,Pastry,109.93
2025-01-06,Sandwich,152.03
2025-01-07,Coffee,237.08
2025-01-07,Tea,95.22
2025-01-07,Pastry,115.44
2025-01-07,Sandwich,130.10
2025-01-08,Coffee,230.37
2025-01-08,Tea,83.04
2025-01-08,Pastry,119.87
2025-01-08,Sandwich,154.76
2025-01-09,Coffee,234.43
2025-01-09,Tea,93.53
2025-01-09,Pastry,124.39
2025-01-09,Sandwich,130.70
2025-01-10,Coffee,216.31
2025-01-10,Tea,81.57
2025-01-10,Pastry,112.20
2025-01-10,Sandwich,150.75
2025-01-11,Coffee,244.20
2025-01-11,Tea,93.28
2025-01-11,Pastry,147.21
2025-01-11,Sandwich,173.18
2025-01-12,Coffee,278.96
2025-01-12,Tea,102.75
2025-01-12,Pastry,155.88
2025-01-12,Sandwich,142.90
2025-01-13,Coffee,228.68
2025-01-13,Tea,94.42
2025-01-13,Pastry,128.69
2025-01-13,Sandwich,146.41
2025-01-14,Coffee,254.38
2025-01-14,Tea,89.14
2025-01-14,Pastry,119.78
2025-01-14,Sandwich,136.16
2025-01-15,Coffee,257.60
2025-01-15,Tea,77.88
2025-01-15,Pastry,128.98
2025-01-15,Sandwich,152.61
2025-01-16,Coffee,199.45
2025-01-16,Tea,86.41
2025-01-16,Pastry,118.69
2025-01-16,Sandwich,139.92
2025-01-17,Coffee,238.79
2025-01-17,Tea,82.25
2025-01-17,Pastry,111.43
2025-01-17,Sandwich,144.14
2025-01-18,Coffee,298.16
2025-01-18,Tea,82.13
2025-01-18,Pastry,172.81
2025-01-18,Sandwich,177.87
2025-01-19,Coffee,256.80
2025-01-19,Tea,90.93
2025-01-19,Pastry,161.87
2025-01-19,Sandwich,187.76
2025-01-20,Coffee,205.61
2025-01-20,Tea,95.60
2025-01-20,Pastry,131.94
2025-01-20,Sandwich,133.35
2025-01-21,Coffee,196.13
2025-01-21,Tea,81.88
2025-01-21,Pastry,136.88
2025-01-21,Sandwich,132.82
2025-01-22,Coffee,217.56
2025-01-22,Tea,80.29
2025-01-22,Pastry,134.68
2025-01-22,Sandwich,147.66
2025-01-23,Coffee,239.49
2025-01-23,Tea,84.21
2025-01-23,Pastry,134.29
2025-01-23,Sandwich,129.31
2025-01-24,Coffee,221.73
2025-01-24,Tea,89.79
2025-01-24,Pastry,128.77
2025-01-24,Sandwich,133.34
2025-01-25,Coffee,233.52
2025-01-25,Tea,101.19
2025-01-25,Pastry,174.79
2025-01-25,Sandwich,173.59
2025-01-26,Coffee,235.79
2025-01-26,Tea,100.48
2025-01-26,Pastry,151.42
2025-01-26,Sandwich,159.04
2025-01-27,Coffee,235.76
2025-01-27,Tea,87.24
2025-01-27,Pastry,133.48
2025-01-27,Sandwich,125.43
2025-01-28,Coffee,263.60
2025-01-28,Tea,76.08
2025-01-28,Pastry,125.93
2025-01-28,Sandwich,127.60
2025-01-29,Coffee,229.99
2025-01-29,Tea,81.53
2025-01-29,Pastry,131.06
2025-01-29,Sandwich,128.87
2025-01-30,Coffee,223.54
2025-01-30,Tea,94.13
2025-01-30,Pastry,122.68
2025-01-30,Sandwich,131.10
2025-01-31,Coffee,203.98
2025-01-31,Tea,97.95
2025-01-31,Pastry,136.29
2025-01-31,Sandwich,148.39
2025-02-01,Coffee,300.37
2025-02-01,Tea,86.39
2025-02-01,Pastry,160.14
2025-02-01,Sandwich,169.71
2025-02-02,Coffee,263.51
2025-02-02,Tea,107.17
2025-02-02,Pastry,159.36
2025-02-02,Sandwich,168.43
2025-02-03,Coffee,249.17
2025-02-03,Tea,77.55
2025-02-03,Pastry,125.14
2025-02-03,Sandwich,128.41
2025-02-04,Coffee,212.31
2025-02-04,Tea,101.02
2025-02-04,Pastry,125.34
2025-02-04,Sandwich,155.90
2025-02-05,Coffee,243.37
2025-02-05,Tea,89.83
2025-02-05,Pastry,134.53
2025-02-05,Sandwich,121.84
2025-02-06,Coffee,198.28
2025-02-06,Tea,79.43
2025-02-06,Pastry,128.65
2025-02-06,Sandwich,139.37
2025-02-07,Coffee,258.17
2025-02-07,Tea,78.76
2025-02-07,Pastry,109.30
2025-02-07,Sandwich,125.16
2025-02-08,Coffee,264.87
2025-02-08,Tea,92.53
2025-02-08,Pastry,149.89
2025-02-08,Sandwich,165.09
2025-02-09,Coffee,289.21
2025-02-09,Tea,97.58
2025-02-09,Pastry,136.01
2025-02-09,Sandwich,152.85
2025-02-10,Coffee,253.97
2025-02-10,Tea,87.03
2025-02-10,Pastry,126.03
2025-02-10,Sandwich,135.11
2025-02-11,Coffee,211.74
2025-02-11,Tea,93.22
2025-02-11,Pastry,138.31
2025-02-11,Sandwich,152.64
2025-02-12,Coffee,222.43
2025-02-12,Tea,85.90
2025-02-12,Pastry,132.21
2025-02-12,Sandwich,151.18
2025-02-13,Coffee,218.27
2025-02-13,Tea,91.90
2025-02-13,Pastry,111.82
2025-02-13,Sandwich,132.97
2025-02-14,Coffee,250.45
2025-02-14,Tea,84.47
2025-02-14,Pastry,104.52
2025-02-14,Sandwich,162.57
2025-02-15,Coffee,229.84
2025-02-15,Tea,98.51
2025-02-15,Pastry,148.51
2025-02-15,Sandwich,177.20
2025-02-16,Coffee,288.25
2025-02-16,Tea,90.86
2025-02-16,Pastry,153.66
2025-02-16,Sandwich,150.49
2025-02-17,Coffee,245.13
2025-02-17,Tea,100.36
2025-02-17,Pastry,121.02
2025-02-17,Sandwich,159.72
2025-02-18,Coffee,204.07
2025-02-18,Tea,85.60
2025-02-18,Pastry,107.56
2025-02-18,Sandwich,149.68
2025-02-19,Coffee,206.25
2025-02-19,Tea,103.18
2025-02-19,Pastry,121.83
2025-02-19,Sandwich,163.14
2025-02-20,Coffee,218.01
2025-02-20,Tea,96.53
2025-02-20,Pastry,134.75
2025-02-20,Sandwich,149.47
2025-02-21,Coffee,266.84
2025-02-21,Tea,102.91
2025-02-21,Pastry,112.52
2025-02-21,Sandwich,134.05
2025-02-22,Coffee,280.55
2025-02-22,Tea,81.55
2025-02-22,Pastry,159.23
2025-02-22,Sandwich,168.92
2025-02-23,Coffee,299.45
2025-02-23,Tea,108.43
2025-02-23,Pastry,141.87
2025-02-23,Sandwich,145.82
2025-02-24,Coffee,215.69
2025-02-24,Tea,97.92
2025-02-24,Pastry,106.01
2025-02-24,Sandwich,153.09
2025-02-25,Coffee,235.66
2025-02-25,Tea,98.42
2025-02-25,Pastry,128.06
2025-02-25,Sandwich,163.30
2025-02-26,Coffee,217.92
2025-02-26,Tea,102.79
2025-02-26,Pastry,129.35
2025-02-26,Sandwich,129.43
2025-02-27,Coffee,216.20
2025-02-27,Tea,90.45
2025-02-27,Pastry,127.85
2025-02-27,Sandwich,150.53
2025-02-28,Coffee,213.46
2025-02-28,Tea,78.31
2025-02-28,Pastry,110.76
2025-02-28,Sandwich,152.35
2025-03-01,Coffee,243.80
2025-03-01,Tea,89.35
2025-03-01,Pastry,182.69
2025-03-01,Sandwich,190.75
2025-03-02,Coffee,229.58
2025-03-02,Tea,86.99
2025-03-02,Pastry,159.45
2025-03-02,Sandwich,181.82
2025-03-03,Coffee,253.02
2025-03-03,Tea,97.41
2025-03-03,Pastry,141.33
2025-03-03,Sandwich,143.18
2025-03-04,Coffee,216.07
2025-03-04,Tea,89.26
2025-03-04,Pastry,140.96
2025-03-04,Sandwich,126.82
2025-03-05,Coffee,229.13
2025-03-05,Tea,90.68
2025-03-05,Pastry,105.38
2025-03-05,Sandwich,128.98
2025-03-06,Coffee,231.19
2025-03-06,Tea,86.90
2025-03-06,Pastry,106.26
2025-03-06,Sandwich,147.37
2025-03-07,Coffee,222.21
2025-03-07,Tea,100.28
2025-03-07,Pastry,133.72
2025-03-07,Sandwich,159.92
2025-03-08,Coffee,308.49
2025-03-08,Tea,93.31
2025-03-08,Pastry,181.43
2025-03-08,Sandwich,190.19
2025-03-09,Coffee,284.22
2025-03-09,Tea,107.64
2025-03-09,Pastry,139.53
2025-03-09,Sandwich,162.69
2025-03-10,Coffee,255.24
2025-03-10,Tea,98.69
2025-03-10,Pastry,138.66
2025-03-10,Sandwich,157.69
2025-03-11,Coffee,241.14
2025-03-11,Tea,96.09
2025-03-11,Pastry,112.85
2025-03-11,Sandwich,150.99
2025-03-12,Coffee,213.99
2025-03-12,Tea,99.87
2025-03-12,Pastry,141.38
2025-03-12,Sandwich,145.19
2025-03-13,Coffee,264.49
2025-03-13,Tea,89.03
2025-03-13,Pastry,138.19
2025-03-13,Sandwich,160.24
2025-03-14,Coffee,219.89
2025-03-14,Tea,99.37
2025-03-14,Pastry,131.54
2025-03-14,Sandwich,140.50
2025-03-15,Coffee,281.41
2025-03-15,Tea,85.16
2025-03-15,Pastry,185.18
2025-03-15,Sandwich,178.22
2025-03-16,Coffee,265.58
2025-03-16,Tea,103.22
2025-03-16,Pastry,159.26
2025-03-16,Sandwich,152.74
2025-03-17,Coffee,266.46
2025-03-17,Tea,95.66
2025-03-17,Pastry,110.40
2025-03-17,Sandwich,147.82
2025-03-18,Coffee,210.36
2025-03-18,Tea,86.48
2025-03-18,Pastry,108.82
2025-03-18,Sandwich,147.05
2025-03-19,Coffee,205.01
2025-03-19,Tea,91.14
2025-03-19,Pastry,128.81
2025-03-19,Sandwich,143.93
2025-03-20,Coffee,223.47
2025-03-20,Tea,84.39
2025-03-20,Pastry,138.61
2025-03-20,Sandwich,144.65
2025-03-21,Coffee,203.15
2025-03-21,Tea,96.00
2025-03-21,Pastry,140.24
2025-03-21,Sandwich,139.30
2025-03-22,Coffee,295.89
2025-03-22,Tea,82.75
2025-03-22,Pastry,146.51
2025-03-22,Sandwich,147.87
2025-03-23,Coffee,234.06
2025-03-23,Tea,84.74
2025-03-23,Pastry,166.85
2025-03-23,Sandwich,184.54
2025-03-24,Coffee,216.10
2025-03-24,Tea,98.51
2025-03-24,Pastry,113.53
2025-03-24,Sandwich,136.95
2025-03-25,Coffee,252.68
2025-03-25,Tea,104.28
2025-03-25,Pastry,138.22
2025-03-25,Sandwich,149.05
2025-03-26,Coffee,227.14
2025-03-26,Tea,97.51
2025-03-26,Pastry,130.58
2025-03-26,Sandwich,157.81
2025-03-27,Coffee,264.03
2025-03-27,Tea,79.14
2025-03-27,Pastry,136.71
2025-03-27,Sandwich,123.28
2025-03-28,Coffee,264.73
2025-03-28,Tea,81.43
2025-03-28,Pastry,131.55
2025-03-28,Sandwich,166.15
2025-03-29,Coffee,298.74
2025-03-29,Tea,94.27
2025-03-29,Pastry,174.52
2025-03-29,Sandwich,169.80
2025-03-30,Coffee,266.14
2025-03-30,Tea,85.51
2025-03-30,Pastry,172.02
2025-03-30,Sandwich,190.11
2025-03-31,Coffee,268.02
2025-03-31,Tea,94.31
2025-03-31,Pastry,107.29
2025-03-31,Sandwich,149.62
2025-04-01,Coffee,206.33
2025-04-01,Tea,79.95
2025-04-01,Pastry,122.33
2025-04-01,Sandwich,144.57
2025-04-02,Coffee,230.11
2025-04-02,Tea,100.50
2025-04-02,Pastry,118.14
2025-04-02,Sandwich,130.34
2025-04-03,Coffee,239.00
2025-04-03,Tea,89.35
2025-04-03,Pastry,139.55
2025-04-03,Sandwich,146.44
2025-04-04,Coffee,267.84
2025-04-04,Tea,90.90
2025-04-04,Pastry,118.45
2025-04-04,Sandwich,126.10
2025-04-05,Coffee,266.72
2025-04-05,Tea,101.41
2025-04-05,Pastry,161.54
2025-04-05,Sandwich,151.12
2025-04-06,Coffee,261.16
2025-04-06,Tea,94.86
2025-04-06,Pastry,164.60
2025-04-06,Sandwich,190.27
2025-04-07,Coffee,211.82
2025-04-07,Tea,79.57
2025-04-07,Pastry,137.38
2025-04-07,Sandwich,162.59
2025-04-08,Coffee,250.92
2025-04-08,Tea,82.95
2025-04-08,Pastry,143.20
2025-04-08,Sandwich,166.96
2025-04-09,Coffee,241.96
2025-04-09,Tea,86.84
2025-04-09,Pastry,112.91
2025-04-09,Sandwich,167.18
2025-04-10,Coffee,220.49
2025-04-10,Tea,104.81
2025-04-10,Pastry,113.63
2025-04-10,Sandwich,124.09
2025-04-11,Coffee,237.48
2025-04-11,Tea,104.70
2025-04-11,Pastry,115.60
2025-04-11,Sandwich,127.49
2025-04-12,Coffee,266.06
2025-04-12,Tea,85.01
2025-04-12,Pastry,150.45
2025-04-12,Sandwich,153.57
2025-04-13,Coffee,242.46
2025-04-13,Tea,99.00
2025-04-13,Pastry,144.87
2025-04-13,Sandwich,177.86
2025-04-14,Coffee,269.89
2025-04-14,Tea,87.00
2025-04-14,Pastry,142.35
2025-04-14,Sandwich,147.04
2025-04-15,Coffee,217.33
2025-04-15,Tea,93.69
2025-04-15,Pastry,137.69
2025-04-15,Sandwich,158.27
2025-04-16,Coffee,231.57
2025-04-16,Tea,103.32
2025-04-16,Pastry,125.31
2025-04-16,Sandwich,160.63
2025-04-17,Coffee,263.54
2025-04-17,Tea,94.04
2025-04-17,Pastry,140.61
2025-04-17,Sandwich,154.94
2025-04-18,Coffee,258.36
2025-04-18,Tea,81.56
2025-04-18,Pastry,110.81
2025-04-18,Sandwich,145.74
2025-04-19,Coffee,260.77
2025-04-19,Tea,111.50
2025-04-19,Pastry,185.35
2025-04-19,Sandwich,176.12
2025-04-20,Coffee,304.88
2025-04-20,Tea,100.53
2025-04-20,Pastry,162.37
2025-04-20,Sandwich,161.69
2025-04-21,Coffee,254.89
2025-04-21,Tea,105.39
2025-04-21,Pastry,119.34
2025-04-21,Sandwich,145.72
2025-04-22,Coffee,255.57
2025-04-22,Tea,86.99
2025-04-22,Pastry,126.08
2025-04-22,Sandwich,152.04
2025-04-23,Coffee,220.21
2025-04-23,Tea,79.89
2025-04-23,Pastry,123.22
2025-04-23,Sandwich,127.95
2025-04-24,Coffee,268.26
2025-04-24,Tea,106.63
2025-04-24,Pastry,129.70
2025-04-24,Sandwich,145.00
2025-04-25,Coffee,270.94
2025-04-25,Tea,103.09
2025-04-25,Pastry,122.33
2025-04-25,Sandwich,143.29
2025-04-26,Coffee,295.43
2025-04-26,Tea,104.64
2025-04-26,Pastry,164.36
2025-04-26,Sandwich,157.32
2025-04-27,Coffee,245.68
2025-04-27,Tea,90.91
2025-04-27,Pastry,152.31
2025-04-27,Sandwich,180.73
2025-04-28,Coffee,239.81
2025-04-28,Tea,82.64
2025-04-28,Pastry,109.10
2025-04-28,Sandwich,164.24
2025-04-29,Coffee,237.79
2025-04-29,Tea,106.45
2025-04-29,Pastry,129.25
2025-04-29,Sandwich,161.90
2025-04-30,Coffee,256.33
2025-04-30,Tea,94.84
2025-04-30,Pastry,129.11
2025-04-30,Sandwich,129.66
2025-05-01,Coffee,245.95
2025-05-01,Tea,85.85
2025-05-01,Pastry,122.29
2025-05-01,Sandwich,160.22
2025-05-02,Coffee,254.80
2025-05-02,Tea,84.29
2025-05-02,Pastry,123.61
2025-05-02,Sandwich,154.30
2025-05-03,Coffee,304.95
2025-05-03,Tea,110.99
2025-05-03,Pastry,176.93
2025-05-03,Sandwich,169.92
2025-05-04,Coffee,243.73
2025-05-04,Tea,110.79
2025-05-04,Pastry,159.77
2025-05-04,Sandwich,195.24
2025-05-05,Coffee,244.99
2025-05-05,Tea,100.73
2025-05-05,Pastry,124.45
2025-05-05,Sandwich,165.46
2025-05-06,Coffee,218.31
2025-05-06,Tea,107.70
2025-05-06,Pastry,125.49
2025-05-06,Sandwich,136.81
2025-05-07,Coffee,228.92
2025-05-07,Tea,92.86
2025-05-07,Pastry,135.00
2025-05-07,Sandwich,168.96
2025-05-08,Coffee,258.26
2025-05-08,Tea,106.69
2025-05-08,Pastry,142.68
2025-05-08,Sandwich,137.60
2025-05-09,Coffee,245.04
2025-05-09,Tea,102.96
2025-05-09,Pastry,142.16
2025-05-09,Sandwich,146.43
2025-05-10,Coffee,255.87
2025-05-10,Tea,104.27
2025-05-10,Pastry,176.35
2025-05-10,Sandwich,169.93
2025-05-11,Coffee,241.61
2025-05-11,Tea,96.54
2025-05-11,Pastry,156.87
2025-05-11,Sandwich,185.19
2025-05-12,Coffee,228.78
2025-05-12,Tea,103.79
2025-05-12,Pastry,136.87
2025-05-12,Sandwich,153.79
2025-05-13,Coffee,275.05
2025-05-13,Tea,107.84
2025-05-13,Pastry,126.65
2025-05-13,Sandwich,169.49
2025-05-14,Coffee,217.37
2025-05-14,Tea,97.33
2025-05-14,Pastry,133.41
2025-05-14,Sandwich,143.06
